Exam,Subjects,Mapped chapters,Templates,Parameter positions,Empty chapters,Underfilled 60-question chapters,Chapters with missing difficulty,Original syllabus rule
"Banking","20","297","1949","6555064","0","293","108","true"
"CA Final","5","50","385","358125","0","50","5","true"
"CA Foundation","4","65","272","382377","0","64","43","true"
"CA Intermediate","6","63","450","452558","0","63","13","true"
"CAPF","19","272","1723","5967720","0","268","101","true"
"CBSE Class 10","4","38","325","389737","0","38","9","true"
"CBSE Class 11","12","70","426","903347","0","70","45","false"
"CBSE Class 11-12 Commerce","9","50","336","362901","0","50","15","false"
"CBSE Class 11-12 Science","4","104","570","1354248","0","104","84","false"
"CBSE Class 12","12","58","364","558697","0","58","33","false"
"CBSE Class 9","3","42","283","358182","0","21","6","true"
"CBSE Class 9-10","13","151","1094","1407516","0","130","51","false"
"CBSE MCQ","13","108","711","1299042","0","108","66","false"
"CLAT/Law","9","165","970","5489932","0","159","89","true"
"CMA Final","7","54","417","384785","0","54","5","false"
"CMA Foundation","5","34","211","244973","0","34","13","false"
"CMA Intermediate","9","72","522","512543","0","72","13","true"
"CS Executive","4","42","295","315548","0","42","11","true"
"CS Foundation","5","34","211","244973","0","34","13","false"
"CS Professional","5","50","385","358125","0","50","5","false"
"CTET","1","20","160","133300","0","20","0","false"
"CUET","36","401","2571","7835659","0","395","187","true"
"General Awareness","1","3","24","19995","0","3","0","false"
"HTET","1","20","160","133300","0","20","0","false"
"High-Yield","6","6","35","55558","0","6","4","false"
"ICSE Class 10","6","71","556","681057","0","71","22","true"
"ICSE Class 9","6","74","549","651893","0","70","21","true"
"ICSE Class 9-10","13","177","1374","1605017","0","177","51","false"
"ICSE MCQ","6","25","200","166625","0","25","0","false"
"ISC Class 11","12","70","426","903347","0","70","45","false"
"ISC Class 12","12","58","364","558697","0","58","33","false"
"ISC Commerce","9","50","336","362901","0","50","15","false"
"ISC Science","4","104","570","1354248","0","104","84","false"
"JEE Advanced","3","76","444","798180","0","76","57","true"
"JEE Main","3","74","424","769384","0","74","58","true"
"NDA/CDS","19","308","2042","5260353","0","305","129","true"
"NEET","3","85","526","989137","0","85","54","true"
"PPSC Punjab","26","304","2319","5187720","0","300","93","true"
"PSEB Class 9-10","9","113","947","3424836","0","110","34","true"
"PSSSB","27","358","2384","6108747","0","355","128","true"
"PSTET","7","96","715","1058784","0","96","27","false"
"PSTET/CTET","34","445","3401","5588115","0","423","94","false"
"Punjab Clerk","26","368","2458","6824431","0","364","137","true"
"Punjab ETT Cadre","14","242","1882","1977864","0","221","47","true"
"Punjab Lecturer Cadre","31","457","3299","6773022","0","455","170","true"
"Punjab Master Cadre","35","518","3686","4817370","0","500","177","true"
"Punjab PCS","25","281","2101","4867218","0","279","92","true"
"Punjab Patwari","23","306","1981","6038347","0","302","127","true"
"Punjab Police","26","344","2262","6308462","0","340","138","true"
"RRB ALP","17","272","1671","5966603","0","268","130","true"
"RRB Group D","18","246","1589","5666471","0","240","94","true"
"RRB NTPC","15","214","1347","5335488","0","210","78","true"
"Railway","23","328","2162","6974788","0","322","123","false"
"SSC","23","316","2059","6888157","0","310","124","false"
"SSC CGL","19","275","1763","6085128","0","271","100","true"
"SSC CHSL","18","264","1675","6011813","0","260","100","true"
"SSC GD Constable","19","277","1779","6098458","0","273","100","true"
"SSC MTS","19","269","1704","6070061","0","265","105","true"
"State Board MCQ","11","73","465","671418","0","73","51","false"
"State Clerk","24","313","2059","6048188","0","310","106","false"
"State PSC","24","334","2193","6710495","0","328","130","false"
"State Police","19","183","1480","3875565","0","181","28","false"
"State Teacher/TET","35","441","3365","5563747","0","419","94","false"
"UPSC CSE","20","218","1706","4376515","0","214","55","true"
"UPSC/SSC/Bank","20","298","1997","6658194","0","292","107","false"
"UPTET","1","20","160","133300","0","20","0","false"
